{
  "boards": {
    "mainBoard": {
      "lastUpdated": 1748958329809,
      "shapes": [
        {
          "fill": "#c03030",
          "height": 320,
          "id": "1748958252533",
          "meta": {
            "isDeletable": true,
            "isErasable": false,
            "isMovable": true,
            "isResizable": true
          },
          "selected": false,
          "type": "rect",
          "width": 560,
          "x": 600,
          "y": 800
        },
        {
          "fill": "#c03030",
          "height": 200,
          "id": "1748958282368",
          "meta": {
            "isDeletable": true,
            "isErasable": false,
            "isMovable": true,
            "isResizable": true
          },
          "selected": false,
          "type": "rect",
          "width": 440,
          "x": 880,
          "y": 1920
        },
        {
          "fill": "#c03030",
          "height": 320,
          "id": "1748958287093",
          "meta": {
            "isDeletable": true,
            "isErasable": false,
            "isMovable": true,
            "isResizable": true
          },
          "selected": false,
          "type": "rect",
          "width": 560,
          "x": 480,
          "y": 1280
        }
      ],
      "strokes": [
        {
          "color": "#000000",
          "id": "1748958219450",
          "isErasable": true,
          "points": [
            {
              "x": 886.0532812499999,
              "y": 735.3334130859374
            },
            {
              "x": 901.41328125,
              "y": 748.1333349609374
            },
            {
              "x": 909.09328125,
              "y": 753.2533740234375
            },
            {
              "x": 916.77328125,
              "y": 763.4933349609374
            },
            {
              "x": 934.6932421875,
              "y": 776.2933740234374
            },
            {
              "x": 942.3732421875,
              "y": 783.9733740234375
            },
            {
              "x": 960.2933203125,
              "y": 796.7734130859375
            },
            {
              "x": 967.9733203124999,
              "y": 801.8933349609375
            },
            {
              "x": 975.6533203125,
              "y": 807.0133740234374
            },
            {
              "x": 983.3333203125,
              "y": 812.1334130859375
            },
            {
              "x": 988.4532421875,
              "y": 817.2533349609374
            },
            {
              "x": 996.1332421875,
              "y": 822.3733740234375
            },
            {
              "x": 1001.25328125,
              "y": 827.4934130859375
            },
            {
              "x": 1014.0533203125,
              "y": 847.9733349609374
            },
            {
              "x": 1021.7333203124999,
              "y": 865.8934130859375
            },
            {
              "x": 1031.97328125,
              "y": 891.4933740234375
            },
            {
              "x": 1037.0933203125,
              "y": 901.7333349609374
            },
            {
              "x": 1047.33328125,
              "y": 942.6934130859374
            },
            {
              "x": 1052.4533203125,
              "y": 958.0534130859374
            },
            {
              "x": 1060.1333203125,
              "y": 1004.1334130859375
            },
            {
              "x": 1062.69328125,
              "y": 1022.0533740234374
            },
            {
              "x": 1072.9332421875,
              "y": 1073.2534130859374
            },
            {
              "x": 1075.4933203125,
              "y": 1088.6134130859375
            },
            {
              "x": 1078.05328125,
              "y": 1103.9734130859374
            },
            {
              "x": 1085.73328125,
              "y": 1150.0534130859376
            },
            {
              "x": 1088.2932421875,
              "y": 1162.8533349609374
            },
            {
              "x": 1090.8533203125,
              "y": 1178.2133349609373
            },
            {
              "x": 1095.9732421874999,
              "y": 1216.6133349609374
            },
            {
              "x": 1098.5333203124999,
              "y": 1229.4133740234374
            },
            {
              "x": 1101.09328125,
              "y": 1244.7733740234376
            },
            {
              "x": 1111.3332421875,
              "y": 1288.2934130859373
            },
            {
              "x": 1116.45328125,
              "y": 1306.2133740234374
            },
            {
              "x": 1121.5733203124998,
              "y": 1319.0134130859374
            },
            {
              "x": 1126.6932421875,
              "y": 1331.8133349609375
            },
            {
              "x": 1131.81328125,
              "y": 1342.0534130859376
            },
            {
              "x": 1136.9333203125,
              "y": 1349.7334130859374
            },
            {
              "x": 1149.7332421874999,
              "y": 1362.5333349609375
            },
            {
              "x": 1154.85328125,
              "y": 1367.6533740234374
            },
            {
              "x": 1162.5332812499998,
              "y": 1372.7734130859374
            },
            {
              "x": 1177.89328125,
              "y": 1380.4534130859374
            },
            {
              "x": 1183.0133203125,
              "y": 1385.5733349609375
            },
            {
              "x": 1203.4932421874998,
              "y": 1393.2533349609375
            },
            {
              "x": 1236.7733203125,
              "y": 1400.9333349609374
            },
            {
              "x": 1252.1333203125,
              "y": 1403.4934130859374
            },
            {
              "x": 1300.7733984375,
              "y": 1408.6133349609374
            },
            {
              "x": 1321.2533203125,
              "y": 1408.6133349609374
            },
            {
              "x": 1375.0133203125,
              "y": 1408.6133349609374
            },
            {
              "x": 1436.4533203125,
              "y": 1403.4934130859374
            },
            {
              "x": 1510.6932421875,
              "y": 1393.2533349609375
            },
            {
              "x": 1543.9733203125,
              "y": 1388.1334130859375
            },
            {
              "x": 1628.4533203125,
              "y": 1370.2133349609373
            },
            {
              "x": 1664.2932421875,
              "y": 1362.5333349609375
            },
            {
              "x": 1743.6533203125,
              "y": 1342.0534130859376
            },
            {
              "x": 1812.7733203125,
              "y": 1319.0134130859374
            },
            {
              "x": 1833.2532421874998,
              "y": 1311.3334130859375
            },
            {
              "x": 1866.5333203124999,
              "y": 1290.8533740234375
            },
            {
              "x": 1887.0132421874998,
              "y": 1275.4933740234374
            },
            {
              "x": 1889.5733203124998,
              "y": 1272.9334130859374
            },
            {
              "x": 1899.8133984375,
              "y": 1255.0133349609375
            },
            {
              "x": 1899.8133984375,
              "y": 1244.7733740234376
            },
            {
              "x": 1899.8133984375,
              "y": 1239.6533349609374
            },
            {
              "x": 1899.8133984375,
              "y": 1231.9733349609376
            },
            {
              "x": 1899.8133984375,
              "y": 1221.7333740234374
            },
            {
              "x": 1899.8133984375,
              "y": 1214.0533740234375
            },
            {
              "x": 1897.2533203125,
              "y": 1206.3733740234375
            },
            {
              "x": 1897.2533203125,
              "y": 1198.6933740234374
            },
            {
              "x": 1894.6932421875,
              "y": 1188.4534130859374
            },
            {
              "x": 1892.1333984374999,
              "y": 1183.3333740234375
            },
            {
              "x": 1892.1333984374999,
              "y": 1178.2133349609373
            },
            {
              "x": 1889.5733203124998,
              "y": 1170.5333349609375
            },
            {
              "x": 1889.5733203124998,
              "y": 1165.4134130859375
            },
            {
              "x": 1887.0132421874998,
              "y": 1162.8533349609374
            },
            {
              "x": 1887.0132421874998,
              "y": 1160.2933740234375
            }
          ],
          "size": 2,
          "tool": "pen"
        },
        {
          "color": "#000000",
          "id": "1748958220628",
          "isErasable": true,
          "points": [
            {
              "x": 1728.2933203124999,
              "y": 901.7333349609374
            }
          ],
          "size": 2,
          "tool": "pen"
        },
        {
          "color": "#000000",
          "id": "1748958221175",
          "isErasable": true,
          "points": [
            {
              "x": 1349.4132421875,
              "y": 993.8933349609374
            },
            {
              "x": 1349.4132421875,
              "y": 988.7734130859375
            },
            {
              "x": 1351.9733203125,
              "y": 983.6533740234374
            },
            {
              "x": 1359.6533203125,
              "y": 975.9733740234375
            },
            {
              "x": 1369.8933984374999,
              "y": 965.7334130859375
            },
            {
              "x": 1392.9333984375,
              "y": 950.3734130859375
            },
            {
              "x": 1400.6133984374999,
              "y": 945.2533740234375
            },
            {
              "x": 1436.4533203125,
              "y": 935.0134130859375
            },
            {
              "x": 1487.6532421875,
              "y": 924.7733349609375
            },
            {
              "x": 1508.1333984374999,
              "y": 919.6534130859375
            },
            {
              "x": 1564.4532421874999,
              "y": 914.5333740234374
            },
            {
              "x": 1582.3733203125,
              "y": 911.9734130859375
            },
            {
              "x": 1633.5732421875,
              "y": 909.4133349609375
            },
            {
              "x": 1651.4933203125,
              "y": 909.4133349609375
            },
            {
              "x": 1700.1333984374999,
              "y": 909.4133349609375
            },
            {
              "x": 1715.4933984375,
              "y": 909.4133349609375
            },
            {
              "x": 1728.2933203124999,
              "y": 911.9734130859375
            },
            {
              "x": 1733.4132421875,
              "y": 914.5333740234374
            },
            {
              "x": 1738.5333984375,
              "y": 917.0933349609375
            },
            {
              "x": 1741.0932421875,
              "y": 922.2133740234375
            },
            {
              "x": 1746.2133984375,
              "y": 924.7733349609375
            },
            {
              "x": 1753.8933984374999,
              "y": 929.8933740234374
            },
            {
              "x": 1769.2533984375,
              "y": 937.5733740234375
            },
            {
              "x": 1779.4932421874998,
              "y": 942.6934130859374
            }
          ],
          "size": 2,
          "tool": "pen"
        },
        {
          "color": "#000000",
          "id": "1748958236842",
          "isErasable": true,
          "points": [
            {
              "x": 1231.65328125,
              "y": 771.1733349609375
            },
            {
              "x": 1234.2132421874999,
              "y": 773.7334130859375
            },
            {
              "x": 1239.33328125,
              "y": 781.4134130859375
            },
            {
              "x": 1239.33328125,
              "y": 786.5333349609375
            },
            {
              "x": 1241.8932421875,
              "y": 791.6533740234374
            },
            {
              "x": 1247.0132812499999,
              "y": 807.0133740234374
            },
            {
              "x": 1247.0132812499999,
              "y": 814.6933740234375
            },
            {
              "x": 1252.1333203125,
              "y": 847.9733349609374
            },
            {
              "x": 1254.69328125,
              "y": 863.3333349609375
            },
            {
              "x": 1257.2532421875,
              "y": 881.2534130859375
            },
            {
              "x": 1257.2532421875,
              "y": 950.3734130859375
            },
            {
              "x": 1257.2532421875,
              "y": 981.0934130859374
            },
            {
              "x": 1249.5732421875,
              "y": 1055.3333349609375
            },
            {
              "x": 1241.8932421875,
              "y": 1083.4933740234374
            },
            {
              "x": 1223.97328125,
              "y": 1162.8533349609374
            },
            {
              "x": 1216.29328125,
              "y": 1191.0133740234376
            },
            {
              "x": 1195.8132421875,
              "y": 1249.8934130859375
            },
            {
              "x": 1167.6533203125,
              "y": 1319.0134130859374
            },
            {
              "x": 1159.9733203125,
              "y": 1329.2533740234373
            },
            {
              "x": 1157.4132421875,
              "y": 1336.9333740234374
            },
            {
              "x": 1144.6133203125,
              "y": 1359.9733740234374
            },
            {
              "x": 1142.0532421875,
              "y": 1367.6533740234374
            },
            {
              "x": 1136.9333203125,
              "y": 1375.3333740234375
            },
            {
              "x": 1131.81328125,
              "y": 1388.1334130859375
            },
            {
              "x": 1111.3332421875,
              "y": 1431.6533349609374
            },
            {
              "x": 1103.6532421875,
              "y": 1447.0133349609375
            },
            {
              "x": 1095.9732421874999,
              "y": 1464.9334130859374
            },
            {
              "x": 1088.2932421875,
              "y": 1487.9734130859374
            },
            {
              "x": 1080.6132421875,
              "y": 1505.8933740234374
            },
            {
              "x": 1072.9332421875,
              "y": 1528.9333740234374
            },
            {
              "x": 1052.4533203125,
              "y": 1585.2533349609375
            },
            {
              "x": 1044.7733203125,
              "y": 1608.2933349609375
            },
            {
              "x": 1039.65328125,
              "y": 1628.7734912109374
            },
            {
              "x": 1034.5332421875,
              "y": 1651.8134912109374
            },
            {
              "x": 1029.4133203125,
              "y": 1677.4133349609374
            },
            {
              "x": 1026.8532421875,
              "y": 1697.8934912109373
            },
            {
              "x": 1024.29328125,
              "y": 1723.4933349609375
            },
            {
              "x": 1021.7333203124999,
              "y": 1749.0934130859375
            },
            {
              "x": 1021.7333203124999,
              "y": 1782.3734912109373
            },
            {
              "x": 1021.7333203124999,
              "y": 1813.0934912109374
            },
            {
              "x": 1021.7333203124999,
              "y": 1848.9334130859374
            },
            {
              "x": 1021.7333203124999,
              "y": 1882.2134912109375
            },
            {
              "x": 1026.8532421875,
              "y": 1918.0534130859373
            },
            {
              "x": 1031.97328125,
              "y": 1951.3334912109374
            },
            {
              "x": 1039.65328125,
              "y": 1989.7334912109375
            },
            {
              "x": 1047.33328125,
              "y": 2023.0133349609375
            },
            {
              "x": 1057.5732421875,
              "y": 2053.7333349609376
            },
            {
              "x": 1065.2532421875,
              "y": 2081.8934912109376
            },
            {
              "x": 1070.37328125,
              "y": 2107.4933349609373
            },
            {
              "x": 1078.05328125,
              "y": 2133.0934130859373
            },
            {
              "x": 1085.73328125,
              "y": 2151.0134912109374
            },
            {
              "x": 1093.41328125,
              "y": 2174.0534912109374
            },
            {
              "x": 1103.6532421875,
              "y": 2202.2134130859376
            },
            {
              "x": 1119.0132421875,
              "y": 2235.4934912109375
            },
            {
              "x": 1136.9333203125,
              "y": 2268.7733349609375
            },
            {
              "x": 1159.9733203125,
              "y": 2309.7334130859376
            },
            {
              "x": 1183.0133203125,
              "y": 2343.0134912109374
            },
            {
              "x": 1206.0533203124999,
              "y": 2373.7334912109372
            },
            {
              "x": 1223.97328125,
              "y": 2394.213413085937
            },
            {
              "x": 1262.37328125,
              "y": 2427.4934912109375
            },
            {
              "x": 1272.6132421875,
              "y": 2435.1734912109373
            },
            {
              "x": 1282.8533203125,
              "y": 2440.2934130859376
            },
            {
              "x": 1293.0933984375,
              "y": 2442.8534912109376
            },
            {
              "x": 1323.8133984375,
              "y": 2453.093334960937
            },
            {
              "x": 1334.0532421875,
              "y": 2453.093334960937
            },
            {
              "x": 1346.8533984375,
              "y": 2453.093334960937
            },
            {
              "x": 1377.5733984375,
              "y": 2450.5334912109374
            },
            {
              "x": 1390.3733203125,
              "y": 2445.4133349609374
            },
            {
              "x": 1403.1732421875,
              "y": 2437.7333349609376
            },
            {
              "x": 1413.4133203125,
              "y": 2430.0533349609373
            },
            {
              "x": 1439.0133984375,
              "y": 2407.0133349609373
            },
            {
              "x": 1449.2532421874998,
              "y": 2394.213413085937
            },
            {
              "x": 1474.8533203125,
              "y": 2358.3734912109376
            },
            {
              "x": 1508.1333984374999,
              "y": 2314.8533349609374
            },
            {
              "x": 1528.6133203125,
              "y": 2284.133334960937
            },
            {
              "x": 1549.0932421875,
              "y": 2248.2934130859376
            },
            {
              "x": 1574.6933203125,
              "y": 2207.3333349609375
            },
            {
              "x": 1597.7333203125,
              "y": 2158.6934912109373
            },
            {
              "x": 1623.3333984375,
              "y": 2094.693413085937
            },
            {
              "x": 1656.6132421875,
              "y": 2025.5734130859373
            },
            {
              "x": 1682.2133203125,
              "y": 1953.8933349609374
            },
            {
              "x": 1705.2533203125,
              "y": 1879.6534130859375
            },
            {
              "x": 1720.6133203125,
              "y": 1815.6533349609374
            },
            {
              "x": 1733.4132421875,
              "y": 1756.7734130859374
            },
            {
              "x": 1735.9733203125,
              "y": 1738.8533349609374
            },
            {
              "x": 1738.5333984375,
              "y": 1690.2134912109375
            },
            {
              "x": 1741.0932421875,
              "y": 1672.2934130859373
            },
            {
              "x": 1743.6533203125,
              "y": 1664.6134130859375
            },
            {
              "x": 1743.6533203125,
              "y": 1659.4934912109375
            },
            {
              "x": 1746.2133984375,
              "y": 1654.3733349609374
            },
            {
              "x": 1746.2133984375,
              "y": 1651.8134912109374
            }
          ],
          "size": 2,
          "tool": "pen"
        },
        {
          "color": "#000000",
          "id": "1748958238072",
          "isErasable": true,
          "points": [
            {
              "x": 1495.3332421875,
              "y": 1864.2934130859373
            },
            {
              "x": 1479.9732421874999,
              "y": 1859.1734912109375
            },
            {
              "x": 1472.2932421875,
              "y": 1856.6134130859375
            },
            {
              "x": 1456.9332421875,
              "y": 1856.6134130859375
            },
            {
              "x": 1451.8133203124999,
              "y": 1856.6134130859375
            },
            {
              "x": 1444.1333203125,
              "y": 1856.6134130859375
            },
            {
              "x": 1436.4533203125,
              "y": 1856.6134130859375
            },
            {
              "x": 1408.2933984375,
              "y": 1871.9734130859374
            },
            {
              "x": 1395.4932421874998,
              "y": 1879.6534130859375
            },
            {
              "x": 1375.0133203125,
              "y": 1889.8934912109373
            },
            {
              "x": 1354.5333984375,
              "y": 1902.6934130859374
            },
            {
              "x": 1298.2133203125,
              "y": 1943.6534912109373
            },
            {
              "x": 1275.1733203125,
              "y": 1964.1334130859375
            },
            {
              "x": 1249.5732421875,
              "y": 1987.1734130859375
            },
            {
              "x": 1221.4133203125,
              "y": 2015.3333349609375
            },
            {
              "x": 1190.6933203125,
              "y": 2046.0533349609375
            },
            {
              "x": 1111.3332421875,
              "y": 2130.5333349609373
            },
            {
              "x": 1080.6132421875,
              "y": 2163.8134130859376
            },
            {
              "x": 1052.4533203125,
              "y": 2197.0934912109374
            },
            {
              "x": 991.0133203125,
              "y": 2276.4533349609374
            },
            {
              "x": 967.9733203124999,
              "y": 2307.1733349609376
            },
            {
              "x": 950.0532421875,
              "y": 2335.3334912109376
            },
            {
              "x": 914.2133203125,
              "y": 2391.6533349609376
            },
            {
              "x": 903.9732421875,
              "y": 2409.5734130859373
            },
            {
              "x": 896.2932421874999,
              "y": 2419.8134912109376
            },
            {
              "x": 883.4933203124999,
              "y": 2450.5334912109374
            },
            {
              "x": 880.9332421875,
              "y": 2460.7733349609375
            },
            {
              "x": 878.37328125,
              "y": 2468.4533349609374
            },
            {
              "x": 878.37328125,
              "y": 2471.0134130859374
            },
            {
              "x": 875.8133203125,
              "y": 2478.693413085937
            },
            {
              "x": 875.8133203125,
              "y": 2481.253491210937
            },
            {
              "x": 875.8133203125,
              "y": 2483.8133349609375
            },
            {
              "x": 875.8133203125,
              "y": 2486.3734130859375
            },
            {
              "x": 878.37328125,
              "y": 2488.9334912109375
            },
            {
              "x": 880.9332421875,
              "y": 2488.9334912109375
            },
            {
              "x": 888.6132421875,
              "y": 2491.4933349609373
            },
            {
              "x": 901.41328125,
              "y": 2491.4933349609373
            },
            {
              "x": 929.5733203125,
              "y": 2486.3734130859375
            },
            {
              "x": 955.17328125,
              "y": 2478.693413085937
            },
            {
              "x": 988.4532421875,
              "y": 2468.4533349609374
            },
            {
              "x": 1060.1333203125,
              "y": 2447.9734130859374
            },
            {
              "x": 1111.3332421875,
              "y": 2432.6134130859373
            },
            {
              "x": 1167.6533203125,
              "y": 2417.2534130859376
            },
            {
              "x": 1231.65328125,
              "y": 2401.8934130859375
            },
            {
              "x": 1295.6532421875,
              "y": 2386.5334130859374
            },
            {
              "x": 1351.9733203125,
              "y": 2376.2933349609375
            },
            {
              "x": 1369.8933984374999,
              "y": 2371.173413085937
            },
            {
              "x": 1403.1732421875,
              "y": 2363.4934130859374
            },
            {
              "x": 1423.6533984374998,
              "y": 2358.3734912109376
            },
            {
              "x": 1436.4533203125,
              "y": 2353.2533349609375
            },
            {
              "x": 1439.0133984375,
              "y": 2353.2533349609375
            },
            {
              "x": 1439.0133984375,
              "y": 2350.6934912109373
            }
          ],
          "size": 2,
          "tool": "pen"
        },
        {
          "color": "#000000",
          "id": "1748958238777",
          "isErasable": true,
          "points": [
            {
              "x": 1249.5732421875,
              "y": 2217.5734130859373
            },
            {
              "x": 1249.5732421875,
              "y": 2215.0133349609373
            },
            {
              "x": 1249.5732421875,
              "y": 2209.8934130859375
            },
            {
              "x": 1249.5732421875,
              "y": 2207.3333349609375
            },
            {
              "x": 1249.5732421875,
              "y": 2204.773491210937
            },
            {
              "x": 1249.5732421875,
              "y": 2202.2134130859376
            },
            {
              "x": 1247.0132812499999,
              "y": 2199.6533349609376
            }
          ],
          "size": 2,
          "tool": "pen"
        },
        {
          "color": "#000000",
          "id": "1748958239144",
          "isErasable": true,
          "points": [
            {
              "x": 1060.1333203125,
              "y": 2097.253491210937
            },
            {
              "x": 1057.5732421875,
              "y": 2089.5734912109374
            },
            {
              "x": 1055.0132812499999,
              "y": 2087.0134130859374
            },
            {
              "x": 1052.4533203125,
              "y": 2084.4533349609374
            },
            {
              "x": 1052.4533203125,
              "y": 2081.8934912109376
            },
            {
              "x": 1049.8932421875,
              "y": 2079.3334130859375
            },
            {
              "x": 1049.8932421875,
              "y": 2074.2134912109373
            },
            {
              "x": 1047.33328125,
              "y": 2069.093334960937
            },
            {
              "x": 1047.33328125,
              "y": 2061.4133349609374
            },
            {
              "x": 1047.33328125,
              "y": 2053.7333349609376
            },
            {
              "x": 1047.33328125,
              "y": 2043.4934912109375
            },
            {
              "x": 1047.33328125,
              "y": 2028.1334912109373
            },
            {
              "x": 1047.33328125,
              "y": 2005.0934912109374
            },
            {
              "x": 1055.0132812499999,
              "y": 1982.0534912109374
            },
            {
              "x": 1072.9332421875,
              "y": 1902.6934130859374
            },
            {
              "x": 1080.6132421875,
              "y": 1877.0933349609375
            },
            {
              "x": 1093.41328125,
              "y": 1848.9334130859374
            },
            {
              "x": 1106.2133203125,
              "y": 1823.3333349609375
            },
            {
              "x": 1121.5733203124998,
              "y": 1795.1734130859375
            },
            {
              "x": 1139.4932812499999,
              "y": 1769.5733349609375
            },
            {
              "x": 1162.5332812499998,
              "y": 1743.9734912109375
            },
            {
              "x": 1183.0133203125,
              "y": 1723.4933349609375
            },
            {
              "x": 1203.4932421874998,
              "y": 1705.5734912109374
            },
            {
              "x": 1257.2532421875,
              "y": 1667.1734912109375
            },
            {
              "x": 1275.1733203125,
              "y": 1659.4934912109375
            },
            {
              "x": 1300.7733984375,
              "y": 1649.2534130859374
            },
            {
              "x": 1318.6932421875,
              "y": 1641.5734130859375
            },
            {
              "x": 1328.9333203125,
              "y": 1639.0133349609375
            },
            {
              "x": 1344.2933203124999,
              "y": 1639.0133349609375
            },
            {
              "x": 1351.9733203125,
              "y": 1636.4534912109375
            },
            {
              "x": 1362.2133984375,
              "y": 1636.4534912109375
            },
            {
              "x": 1372.4532421874999,
              "y": 1636.4534912109375
            },
            {
              "x": 1377.5733984375,
              "y": 1636.4534912109375
            },
            {
              "x": 1387.8132421875,
              "y": 1639.0133349609375
            },
            {
              "x": 1392.9333984375,
              "y": 1639.0133349609375
            },
            {
              "x": 1398.0533203124999,
              "y": 1641.5734130859375
            },
            {
              "x": 1405.7333203125,
              "y": 1644.1334912109373
            },
            {
              "x": 1413.4133203125,
              "y": 1649.2534130859374
            },
            {
              "x": 1421.0933203125,
              "y": 1656.9334130859374
            },
            {
              "x": 1433.8932421875,
              "y": 1669.7333349609373
            },
            {
              "x": 1449.2532421874998,
              "y": 1692.7733349609375
            },
            {
              "x": 1464.6132421875,
              "y": 1723.4933349609375
            },
            {
              "x": 1474.8533203125,
              "y": 1764.4534130859374
            },
            {
              "x": 1477.4133984374998,
              "y": 1779.8134130859373
            },
            {
              "x": 1479.9732421874999,
              "y": 1828.4534912109375
            },
            {
              "x": 1482.5333203124999,
              "y": 1877.0933349609375
            },
            {
              "x": 1482.5333203124999,
              "y": 1895.0134130859374
            },
            {
              "x": 1474.8533203125,
              "y": 1943.6534912109373
            },
            {
              "x": 1469.7333984375,
              "y": 1956.4534130859374
            },
            {
              "x": 1451.8133203124999,
              "y": 1989.7334912109375
            },
            {
              "x": 1444.1333203125,
              "y": 1999.9733349609373
            },
            {
              "x": 1418.5332421875,
              "y": 2020.4534912109375
            },
            {
              "x": 1408.2933984375,
              "y": 2025.5734130859373
            },
            {
              "x": 1400.6133984374999,
              "y": 2030.6933349609374
            },
            {
              "x": 1375.0133203125,
              "y": 2038.3733349609374
            },
            {
              "x": 1364.7732421875,
              "y": 2038.3733349609374
            },
            {
              "x": 1354.5333984375,
              "y": 2040.9334130859374
            },
            {
              "x": 1316.1333984374999,
              "y": 2040.9334130859374
            },
            {
              "x": 1305.8933203125,
              "y": 2040.9334130859374
            },
            {
              "x": 1293.0933984375,
              "y": 2038.3733349609374
            },
            {
              "x": 1277.73328125,
              "y": 2033.2534130859374
            },
            {
              "x": 1223.97328125,
              "y": 2012.7734912109374
            },
            {
              "x": 1200.93328125,
              "y": 1999.9733349609373
            },
            {
              "x": 1180.4532421874999,
              "y": 1989.7334912109375
            },
            {
              "x": 1162.5332812499998,
              "y": 1976.9333349609374
            },
            {
              "x": 1147.17328125,
              "y": 1964.1334130859375
            },
            {
              "x": 1131.81328125,
              "y": 1948.7734130859374
            },
            {
              "x": 1098.5333203124999,
              "y": 1902.6934130859374
            },
            {
              "x": 1083.1733203125,
              "y": 1879.6534130859375
            },
            {
              "x": 1075.4933203125,
              "y": 1854.0533349609375
            },
            {
              "x": 1067.8133203124999,
              "y": 1831.0133349609375
            },
            {
              "x": 1055.0132812499999,
              "y": 1774.6934912109375
            },
            {
              "x": 1055.0132812499999,
              "y": 1756.7734130859374
            },
            {
              "x": 1060.1333203125,
              "y": 1705.5734912109374
            },
            {
              "x": 1065.2532421875,
              "y": 1687.6534130859375
            },
            {
              "x": 1078.05328125,
              "y": 1664.6134130859375
            },
            {
              "x": 1093.41328125,
              "y": 1644.1334912109373
            },
            {
              "x": 1111.3332421875,
              "y": 1626.2134130859374
            },
            {
              "x": 1134.3732421875,
              "y": 1608.2933349609375
            },
            {
              "x": 1154.85328125,
              "y": 1598.0534912109374
            },
            {
              "x": 1200.93328125,
              "y": 1580.1334130859375
            },
            {
              "x": 1234.2132421874999,
              "y": 1572.4534130859374
            },
            {
              "x": 1275.1733203125,
              "y": 1569.8933349609374
            },
            {
              "x": 1357.0932421875,
              "y": 1569.8933349609374
            },
            {
              "x": 1413.4133203125,
              "y": 1569.8933349609374
            },
            {
              "x": 1479.9732421874999,
              "y": 1582.6934912109375
            },
            {
              "x": 1546.5333984375,
              "y": 1600.6133349609374
            },
            {
              "x": 1574.6933203125,
              "y": 1610.8534130859375
            },
            {
              "x": 1648.9332421875,
              "y": 1641.5734130859375
            },
            {
              "x": 1712.9333203125,
              "y": 1679.9734130859374
            },
            {
              "x": 1771.8132421875,
              "y": 1723.4933349609375
            },
            {
              "x": 1807.6533984374998,
              "y": 1761.8933349609374
            },
            {
              "x": 1833.2532421874998,
              "y": 1792.6133349609374
            },
            {
              "x": 1848.6132421875,
              "y": 1828.4534912109375
            },
            {
              "x": 1856.2932421875,
              "y": 1854.0533349609375
            },
            {
              "x": 1858.8533203124998,
              "y": 1877.0933349609375
            },
            {
              "x": 1858.8533203124998,
              "y": 1905.2534912109375
            },
            {
              "x": 1853.7333984375,
              "y": 1930.8533349609374
            },
            {
              "x": 1848.6132421875,
              "y": 1943.6534912109373
            },
            {
              "x": 1840.9332421875,
              "y": 1953.8933349609374
            },
            {
              "x": 1833.2532421874998,
              "y": 1966.6934912109375
            },
            {
              "x": 1812.7733203125,
              "y": 1982.0534912109374
            },
            {
              "x": 1797.4133203125,
              "y": 1992.2933349609375
            },
            {
              "x": 1774.3733203125,
              "y": 1999.9733349609373
            },
            {
              "x": 1764.1332421875,
              "y": 1999.9733349609373
            },
            {
              "x": 1738.5333984375,
              "y": 2002.5334130859374
            },
            {
              "x": 1700.1333984374999,
              "y": 2002.5334130859374
            },
            {
              "x": 1654.0533984375,
              "y": 1999.9733349609373
            },
            {
              "x": 1597.7333203125,
              "y": 1987.1734130859375
            },
            {
              "x": 1572.1332421875,
              "y": 1976.9333349609374
            },
            {
              "x": 1505.5733203124998,
              "y": 1948.7734130859374
            },
            {
              "x": 1474.8533203125,
              "y": 1933.4134130859375
            },
            {
              "x": 1403.1732421875,
              "y": 1887.3334130859375
            },
            {
              "x": 1377.5733984375,
              "y": 1866.8534912109374
            },
            {
              "x": 1316.1333984374999,
              "y": 1813.0934912109374
            },
            {
              "x": 1295.6532421875,
              "y": 1790.0534912109374
            },
            {
              "x": 1254.69328125,
              "y": 1733.7334130859374
            },
            {
              "x": 1239.33328125,
              "y": 1710.6934130859374
            },
            {
              "x": 1226.5332421875,
              "y": 1682.5334912109374
            },
            {
              "x": 1198.3733203125,
              "y": 1603.1734130859375
            },
            {
              "x": 1193.2532812499999,
              "y": 1575.0134912109374
            },
            {
              "x": 1190.6933203125,
              "y": 1539.1733349609374
            },
            {
              "x": 1195.8132421875,
              "y": 1480.2934130859373
            },
            {
              "x": 1208.61328125,
              "y": 1444.4533740234374
            },
            {
              "x": 1226.5332421875,
              "y": 1411.1734130859375
            },
            {
              "x": 1234.2132421874999,
              "y": 1400.9333349609374
            },
            {
              "x": 1262.37328125,
              "y": 1372.7734130859374
            },
            {
              "x": 1295.6532421875,
              "y": 1344.6133740234375
            },
            {
              "x": 1351.9733203125,
              "y": 1316.4533349609374
            },
            {
              "x": 1392.9333984375,
              "y": 1303.6534130859375
            },
            {
              "x": 1444.1333203125,
              "y": 1298.5333740234375
            },
            {
              "x": 1505.5733203124998,
              "y": 1295.9734130859374
            },
            {
              "x": 1574.6933203125,
              "y": 1295.9734130859374
            },
            {
              "x": 1643.8133203124999,
              "y": 1298.5333740234375
            },
            {
              "x": 1718.0532421875,
              "y": 1313.8933740234374
            },
            {
              "x": 1792.2933984375,
              "y": 1339.4933349609375
            },
            {
              "x": 1853.7333984375,
              "y": 1370.2133349609373
            },
            {
              "x": 1879.3332421875,
              "y": 1385.5733349609375
            },
            {
              "x": 1930.5333984375,
              "y": 1429.0933740234375
            },
            {
              "x": 1963.8132421875,
              "y": 1472.6134130859375
            },
            {
              "x": 1989.4133203125,
              "y": 1526.3734130859375
            },
            {
              "x": 1999.6533984374998,
              "y": 1562.2133349609373
            },
            {
              "x": 2004.7733203125,
              "y": 1598.0534912109374
            },
            {
              "x": 2004.7733203125,
              "y": 1633.8934130859375
            },
            {
              "x": 1997.0933203124998,
              "y": 1667.1734912109375
            },
            {
              "x": 1981.7333203125,
              "y": 1697.8934912109373
            },
            {
              "x": 1958.6933203125,
              "y": 1728.6134912109374
            },
            {
              "x": 1927.9733203125,
              "y": 1759.3334912109374
            },
            {
              "x": 1917.7332421874999,
              "y": 1767.0134912109374
            },
            {
              "x": 1871.6532421875,
              "y": 1790.0534912109374
            },
            {
              "x": 1820.4533203125,
              "y": 1802.8534130859375
            },
            {
              "x": 1771.8132421875,
              "y": 1810.5334130859374
            },
            {
              "x": 1725.7332421874999,
              "y": 1813.0934912109374
            },
            {
              "x": 1669.4133984374998,
              "y": 1813.0934912109374
            },
            {
              "x": 1613.0933203124998,
              "y": 1810.5334130859374
            },
            {
              "x": 1551.6533203125,
              "y": 1797.7334912109375
            },
            {
              "x": 1487.6532421875,
              "y": 1782.3734912109373
            },
            {
              "x": 1428.7733203125,
              "y": 1761.8933349609374
            },
            {
              "x": 1405.7333203125,
              "y": 1754.2133349609373
            },
            {
              "x": 1349.4132421875,
              "y": 1723.4933349609375
            },
            {
              "x": 1300.7733984375,
              "y": 1692.7733349609375
            },
            {
              "x": 1282.8533203125,
              "y": 1679.9734130859374
            },
            {
              "x": 1249.5732421875,
              "y": 1646.6933349609374
            },
            {
              "x": 1236.7733203125,
              "y": 1636.4534912109375
            },
            {
              "x": 1211.1732421875,
              "y": 1592.9333349609374
            },
            {
              "x": 1203.4932421874998,
              "y": 1575.0134912109374
            },
            {
              "x": 1183.0133203125,
              "y": 1521.2533740234373
            },
            {
              "x": 1177.89328125,
              "y": 1498.2133740234374
            },
            {
              "x": 1170.21328125,
              "y": 1426.5334130859374
            },
            {
              "x": 1170.21328125,
              "y": 1395.8134130859376
            },
            {
              "x": 1175.3333203125,
              "y": 1354.8533349609374
            },
            {
              "x": 1193.2532812499999,
              "y": 1303.6534130859375
            },
            {
              "x": 1216.29328125,
              "y": 1262.6933349609374
            },
            {
              "x": 1247.0132812499999,
              "y": 1219.1734130859375
            },
            {
              "x": 1270.05328125,
              "y": 1196.1334130859375
            },
            {
              "x": 1318.6932421875,
              "y": 1155.1733349609374
            },
            {
              "x": 1354.5333984375,
              "y": 1129.5733740234375
            },
            {
              "x": 1398.0533203124999,
              "y": 1106.5333740234375
            },
            {
              "x": 1479.9732421874999,
              "y": 1070.6933349609374
            },
            {
              "x": 1531.1733984375,
              "y": 1057.8934130859375
            },
            {
              "x": 1582.3733203125,
              "y": 1050.2134130859374
            },
            {
              "x": 1625.8932421875,
              "y": 1047.6533349609374
            },
            {
              "x": 1638.6933984375,
              "y": 1047.6533349609374
            },
            {
              "x": 1664.2932421875,
              "y": 1050.2134130859374
            },
            {
              "x": 1687.3332421875,
              "y": 1060.4533740234374
            },
            {
              "x": 1707.8133984375,
              "y": 1075.8133740234375
            },
            {
              "x": 1715.4933984375,
              "y": 1086.0533349609375
            },
            {
              "x": 1738.5333984375,
              "y": 1137.2533740234373
            },
            {
              "x": 1748.7732421875,
              "y": 1180.7734130859374
            },
            {
              "x": 1741.0932421875,
              "y": 1329.2533740234373
            },
            {
              "x": 1733.4132421875,
              "y": 1347.1733349609374
            },
            {
              "x": 1305.8933203125,
              "y": 1511.0134130859374
            },
            {
              "x": 1244.4533203125,
              "y": 1487.9734130859374
            },
            {
              "x": 1195.8132421875,
              "y": 1464.9334130859374
            },
            {
              "x": 1167.6533203125,
              "y": 1447.0133349609375
            },
            {
              "x": 1121.5733203124998,
              "y": 1411.1734130859375
            },
            {
              "x": 1095.9732421874999,
              "y": 1383.0133740234373
            },
            {
              "x": 1055.0132812499999,
              "y": 1334.3734130859375
            },
            {
              "x": 1031.97328125,
              "y": 1298.5333740234375
            },
            {
              "x": 1014.0533203125,
              "y": 1262.6933349609374
            },
            {
              "x": 996.1332421875,
              "y": 1221.7333740234374
            },
            {
              "x": 985.89328125,
              "y": 1175.6533740234374
            },
            {
              "x": 980.7732421874999,
              "y": 1129.5733740234375
            },
            {
              "x": 980.7732421874999,
              "y": 1075.8133740234375
            },
            {
              "x": 991.0133203125,
              "y": 1019.4934130859375
            },
            {
              "x": 1014.0533203125,
              "y": 960.6133740234375
            },
            {
              "x": 1034.5332421875,
              "y": 922.2133740234375
            },
            {
              "x": 1072.9332421875,
              "y": 871.0133349609374
            },
            {
              "x": 1101.09328125,
              "y": 842.8534130859375
            },
            {
              "x": 1162.5332812499998,
              "y": 799.3333740234375
            },
            {
              "x": 1206.0533203124999,
              "y": 776.2933740234374
            },
            {
              "x": 1254.69328125,
              "y": 758.3734130859375
            },
            {
              "x": 1313.5733203124998,
              "y": 748.1333349609374
            },
            {
              "x": 1367.3333203124998,
              "y": 743.0134130859375
            },
            {
              "x": 1421.0933203125,
              "y": 740.4533349609375
            },
            {
              "x": 1479.9732421874999,
              "y": 743.0134130859375
            },
            {
              "x": 1500.4533984375,
              "y": 745.5733740234375
            },
            {
              "x": 1551.6533203125,
              "y": 760.9333740234375
            },
            {
              "x": 1605.4133203125,
              "y": 786.5333349609375
            },
            {
              "x": 1623.3333984375,
              "y": 799.3333740234375
            },
            {
              "x": 1659.1733203125,
              "y": 832.6133349609374
            },
            {
              "x": 1692.4533984375,
              "y": 873.5734130859374
            },
            {
              "x": 1710.3732421875,
              "y": 914.5333740234374
            },
            {
              "x": 1725.7332421874999,
              "y": 947.8133349609375
            },
            {
              "x": 1730.8533984375,
              "y": 970.8533349609374
            },
            {
              "x": 1730.8533984375,
              "y": 1019.4934130859375
            },
            {
              "x": 1730.8533984375,
              "y": 1075.8133740234375
            },
            {
              "x": 1720.6133203125,
              "y": 1109.0933349609375
            },
            {
              "x": 1707.8133984375,
              "y": 1139.8133349609375
            },
            {
              "x": 1689.8933203125,
              "y": 1167.9733740234374
            },
            {
              "x": 1669.4133984374998,
              "y": 1188.4534130859374
            },
            {
              "x": 1646.3733984374999,
              "y": 1206.3733740234375
            },
            {
              "x": 1620.7733203125,
              "y": 1221.7333740234374
            },
            {
              "x": 1495.3332421875,
              "y": 1237.0933740234375
            },
            {
              "x": 1436.4533203125,
              "y": 1226.8534130859375
            },
            {
              "x": 1367.3333203124998,
              "y": 1193.5733349609375
            },
            {
              "x": 1336.6133203125,
              "y": 1178.2133349609373
            },
            {
              "x": 1277.73328125,
              "y": 1142.3734130859375
            },
            {
              "x": 1213.7333203125,
              "y": 1106.5333740234375
            },
            {
              "x": 1116.45328125,
              "y": 650.8534130859375
            },
            {
              "x": 1149.7332421874999,
              "y": 635.4934130859375
            },
            {
              "x": 1195.8132421875,
              "y": 625.2533349609374
            },
            {
              "x": 1264.9332421875,
              "y": 617.5733349609375
            },
            {
              "x": 1311.0132421875,
              "y": 617.5733349609375
            },
            {
              "x": 1362.2133984375,
              "y": 627.8134130859374
            },
            {
              "x": 1415.9733984375,
              "y": 643.1734130859375
            },
            {
              "x": 1469.7333984375,
              "y": 668.7733740234374
            },
            {
              "x": 1526.0532421875,
              "y": 704.6134130859375
            },
            {
              "x": 1574.6933203125,
              "y": 748.1333349609374
            },
            {
              "x": 1620.7733203125,
              "y": 796.7734130859375
            },
            {
              "x": 1656.6132421875,
              "y": 850.5334130859375
            },
            {
              "x": 1669.4133984374998,
              "y": 871.0133349609374
            },
            {
              "x": 1702.6932421875,
              "y": 963.1733349609375
            },
            {
              "x": 1707.8133984375,
              "y": 999.0133740234374
            },
            {
              "x": 1707.8133984375,
              "y": 1034.8534130859375
            },
            {
              "x": 1707.8133984375,
              "y": 1070.6933349609374
            },
            {
              "x": 1697.5733203124998,
              "y": 1093.7333349609376
            },
            {
              "x": 1682.2133203125,
              "y": 1116.7733349609375
            },
            {
              "x": 1661.7333984375,
              "y": 1139.8133349609375
            },
            {
              "x": 1636.1333203125,
              "y": 1157.7334130859374
            },
            {
              "x": 1620.7733203125,
              "y": 1165.4134130859375
            },
            {
              "x": 1579.8132421875,
              "y": 1175.6533740234374
            },
            {
              "x": 1546.5333984375,
              "y": 1178.2133349609373
            },
            {
              "x": 1505.5733203124998,
              "y": 1180.7734130859374
            },
            {
              "x": 1459.4933203125,
              "y": 1178.2133349609373
            },
            {
              "x": 1400.6133984374999,
              "y": 1170.5333349609375
            },
            {
              "x": 1341.7332421874999,
              "y": 1152.6133740234375
            },
            {
              "x": 1277.73328125,
              "y": 1132.1333349609374
            },
            {
              "x": 1211.1732421875,
              "y": 1103.9734130859374
            },
            {
              "x": 1183.0133203125,
              "y": 1091.1733740234374
            },
            {
              "x": 1119.0132421875,
              "y": 1057.8934130859375
            },
            {
              "x": 1062.69328125,
              "y": 1024.6133349609374
            },
            {
              "x": 1047.33328125,
              "y": 1011.8134130859374
            },
            {
              "x": 1001.25328125,
              "y": 970.8533349609374
            },
            {
              "x": 978.2132812499999,
              "y": 945.2533740234375
            },
            {
              "x": 970.53328125,
              "y": 927.3334130859374
            },
            {
              "x": 960.2933203125,
              "y": 901.7333349609374
            },
            {
              "x": 960.2933203125,
              "y": 886.3733349609374
            },
            {
              "x": 960.2933203125,
              "y": 850.5334130859375
            },
            {
              "x": 965.4132421874999,
              "y": 827.4934130859375
            },
            {
              "x": 975.6533203125,
              "y": 801.8933349609375
            },
            {
              "x": 1008.9332812499999,
              "y": 753.2533740234375
            },
            {
              "x": 1042.2132421874999,
              "y": 719.9734130859375
            },
            {
              "x": 1085.73328125,
              "y": 684.1333740234375
            },
            {
              "x": 1142.0532421875,
              "y": 650.8534130859375
            },
            {
              "x": 1167.6533203125,
              "y": 638.0533740234375
            },
            {
              "x": 1239.33328125,
              "y": 607.3333740234375
            },
            {
              "x": 1318.6932421875,
              "y": 584.2933740234374
            },
            {
              "x": 1408.2933984375,
              "y": 568.9333740234375
            },
            {
              "x": 1446.6933984375,
              "y": 563.8133349609375
            },
            {
              "x": 1536.2933203124999,
              "y": 563.8133349609375
            },
            {
              "x": 1638.6933984375,
              "y": 574.0534130859374
            },
            {
              "x": 1705.2533203125,
              "y": 594.5333349609375
            },
            {
              "x": 1748.7732421875,
              "y": 617.5733349609375
            },
            {
              "x": 1779.4932421874998,
              "y": 640.6133349609374
            },
            {
              "x": 1817.8932421875,
              "y": 681.5734130859374
            },
            {
              "x": 1840.9332421875,
              "y": 719.9734130859375
            },
            {
              "x": 1853.7333984375,
              "y": 766.0534130859374
            },
            {
              "x": 1856.2932421875,
              "y": 799.3333740234375
            },
            {
              "x": 1856.2932421875,
              "y": 865.8934130859375
            },
            {
              "x": 1846.0533984375,
              "y": 906.8533740234375
            },
            {
              "x": 1828.1333203125,
              "y": 952.9333740234374
            },
            {
              "x": 1799.9733984375,
              "y": 1001.5733349609375
            },
            {
              "x": 1769.2533984375,
              "y": 1050.2134130859374
            },
            {
              "x": 1723.1733984374998,
              "y": 1096.2934130859376
            },
            {
              "x": 1674.5333203124999,
              "y": 1134.6934130859374
            },
            {
              "x": 1618.2132421874999,
              "y": 1167.9733740234374
            },
            {
              "x": 1556.7732421875,
              "y": 1193.5733349609375
            },
            {
              "x": 1487.6532421875,
              "y": 1203.8134130859376
            },
            {
              "x": 1418.5332421875,
              "y": 1208.9333349609374
            },
            {
              "x": 1354.5333984375,
              "y": 1208.9333349609374
            },
            {
              "x": 1285.41328125,
              "y": 1203.8134130859376
            },
            {
              "x": 1203.4932421874998,
              "y": 1188.4534130859374
            },
            {
              "x": 1139.4932812499999,
              "y": 1170.5333349609375
            },
            {
              "x": 1078.05328125,
              "y": 1150.0534130859376
            },
            {
              "x": 1039.65328125,
              "y": 1134.6934130859374
            },
            {
              "x": 983.3333203125,
              "y": 1106.5333740234375
            },
            {
              "x": 957.7332421875,
              "y": 1088.6134130859375
            },
            {
              "x": 932.13328125,
              "y": 1065.5734130859375
            },
            {
              "x": 924.4532812499999,
              "y": 1052.7733740234376
            },
            {
              "x": 919.3332421875,
              "y": 1037.4133740234374
            },
            {
              "x": 916.77328125,
              "y": 1014.3733740234375
            },
            {
              "x": 916.77328125,
              "y": 978.5333349609375
            },
            {
              "x": 927.0132421874999,
              "y": 940.1333349609374
            },
            {
              "x": 944.9333203125,
              "y": 894.0533349609375
            },
            {
              "x": 973.0932421875,
              "y": 853.0933740234375
            },
            {
              "x": 985.89328125,
              "y": 837.7333740234375
            },
            {
              "x": 1034.5332421875,
              "y": 796.7734130859375
            },
            {
              "x": 1093.41328125,
              "y": 760.9333740234375
            },
            {
              "x": 1121.5733203124998,
              "y": 748.1333349609374
            },
            {
              "x": 1203.4932421874998,
              "y": 730.2133740234375
            },
            {
              "x": 1275.1733203125,
              "y": 722.5333740234374
            },
            {
              "x": 1300.7733984375,
              "y": 722.5333740234374
            },
            {
              "x": 1367.3333203124998,
              "y": 722.5333740234374
            },
            {
              "x": 1423.6533984374998,
              "y": 732.7733349609375
            },
            {
              "x": 1441.5732421875,
              "y": 737.8933740234374
            },
            {
              "x": 1482.5333203124999,
              "y": 758.3734130859375
            },
            {
              "x": 1492.7733984375,
              "y": 766.0534130859374
            },
            {
              "x": 1513.2533203125,
              "y": 794.2133349609375
            },
            {
              "x": 1531.1733984375,
              "y": 824.9333349609375
            },
            {
              "x": 1541.4132421875,
              "y": 881.2534130859375
            },
            {
              "x": 1541.4132421875,
              "y": 896.6134130859375
            },
            {
              "x": 1541.4132421875,
              "y": 904.2934130859375
            },
            {
              "x": 1541.4132421875,
              "y": 909.4133349609375
            }
          ],
          "size": 2,
          "tool": "pen"
        },
        {
          "color": "#000000",
          "id": "1748958275896",
          "isErasable": true,
          "points": [
            {
              "x": 781.0932421875,
              "y": 458.85335449218746
            },
            {
              "x": 783.6533203125,
              "y": 458.85335449218746
            },
            {
              "x": 786.21328125,
              "y": 456.2933349609375
            },
            {
              "x": 788.7732421874999,
              "y": 456.2933349609375
            },
            {
              "x": 793.89328125,
              "y": 453.7333740234375
            },
            {
              "x": 796.4532421875,
              "y": 453.7333740234375
            },
            {
              "x": 806.6933203125,
              "y": 451.17335449218746
            },
            {
              "x": 811.8132421875,
              "y": 451.17335449218746
            },
            {
              "x": 819.4932421875,
              "y": 451.17335449218746
            },
            {
              "x": 842.5332421874999,
              "y": 451.17335449218746
            },
            {
              "x": 852.7733203125,
              "y": 451.17335449218746
            },
            {
              "x": 942.3732421875,
              "y": 453.7333740234375
            },
            {
              "x": 967.9733203124999,
              "y": 456.2933349609375
            },
            {
              "x": 973.0932421875,
              "y": 456.2933349609375
            },
            {
              "x": 978.2132812499999,
              "y": 456.2933349609375
            },
            {
              "x": 983.3333203125,
              "y": 456.2933349609375
            },
            {
              "x": 985.89328125,
              "y": 456.2933349609375
            },
            {
              "x": 993.5732812499999,
              "y": 458.85335449218746
            },
            {
              "x": 998.6933203125,
              "y": 458.85335449218746
            },
            {
              "x": 1001.25328125,
              "y": 458.85335449218746
            },
            {
              "x": 1003.8132421875,
              "y": 458.85335449218746
            },
            {
              "x": 1008.9332812499999,
              "y": 461.4133740234375
            },
            {
              "x": 1014.0533203125,
              "y": 461.4133740234375
            },
            {
              "x": 1019.1732421874999,
              "y": 461.4133740234375
            },
            {
              "x": 1026.8532421875,
              "y": 461.4133740234375
            },
            {
              "x": 1031.97328125,
              "y": 461.4133740234375
            },
            {
              "x": 1042.2132421874999,
              "y": 461.4133740234375
            },
            {
              "x": 1047.33328125,
              "y": 461.4133740234375
            },
            {
              "x": 1057.5732421875,
              "y": 461.4133740234375
            },
            {
              "x": 1062.69328125,
              "y": 461.4133740234375
            },
            {
              "x": 1070.37328125,
              "y": 461.4133740234375
            },
            {
              "x": 1075.4933203125,
              "y": 461.4133740234375
            },
            {
              "x": 1078.05328125,
              "y": 461.4133740234375
            },
            {
              "x": 1080.6132421875,
              "y": 461.4133740234375
            },
            {
              "x": 1083.1733203125,
              "y": 461.4133740234375
            }
          ],
          "size": 2,
          "tool": "pen"
        },
        {
          "color": "#000000",
          "id": "1748958278222",
          "isErasable": true,
          "points": [
            {
              "x": 714.5333203125,
              "y": 858.2134130859374
            },
            {
              "x": 714.5333203125,
              "y": 860.7733740234374
            },
            {
              "x": 722.2133203125,
              "y": 871.0133349609374
            },
            {
              "x": 727.3332421875,
              "y": 878.6933349609375
            },
            {
              "x": 729.8933203125,
              "y": 886.3733349609374
            },
            {
              "x": 735.0132421874999,
              "y": 894.0533349609375
            },
            {
              "x": 740.13328125,
              "y": 909.4133349609375
            },
            {
              "x": 745.2533203125,
              "y": 924.7733349609375
            },
            {
              "x": 752.9333203125,
              "y": 940.1333349609374
            },
            {
              "x": 760.6133203124999,
              "y": 999.0133740234374
            },
            {
              "x": 763.17328125,
              "y": 1004.1334130859375
            },
            {
              "x": 763.17328125,
              "y": 1006.6933740234375
            },
            {
              "x": 755.49328125,
              "y": 1004.1334130859375
            },
            {
              "x": 752.9333203125,
              "y": 1001.5733349609375
            },
            {
              "x": 750.3732421875,
              "y": 996.4534130859374
            },
            {
              "x": 747.8132812499999,
              "y": 991.3333740234375
            },
            {
              "x": 737.5733203125,
              "y": 975.9733740234375
            },
            {
              "x": 735.0132421874999,
              "y": 970.8533349609374
            },
            {
              "x": 729.8933203125,
              "y": 965.7334130859375
            },
            {
              "x": 729.8933203125,
              "y": 963.1733349609375
            },
            {
              "x": 727.3332421875,
              "y": 960.6133740234375
            },
            {
              "x": 724.77328125,
              "y": 958.0534130859374
            }
          ],
          "size": 2,
          "tool": "pen"
        }
      ],
      "timestamp": 1748958329808,
      "updatedBy": "admin"
    }
  },
  "sharedBoardData": {
    "shapes": [
      {
        "color": "#000000",
        "deletable": true,
        "fill": "#ffffff",
        "height": 60,
        "id": "1748958512151",
        "meta": {
          "isDeletable": true,
          "isErasable": false,
          "isMovable": true,
          "isResizable": true
        },
        "movable": true,
        "resizable": true,
        "selected": false,
        "type": "rect",
        "updatedAt": 1748958512151,
        "updatedBy": "anonymous",
        "userId": "anonymous",
        "width": 100,
        "x": 1080,
        "y": 920
      },
      {
        "x": 1102.3189113451087,
        "y": 944.6377165421196
      }
    ],
    "timestamp": 1748958650110
  }
}